epoch,train_loss,gen_mse,sharpness,sharpness_2,proj_step,proj_cum,linear_regions,eig_1,eig_2,spec_1,spec_2,spec_3
1,0.6997852325439453,0.45925381779670715,32.98365783691406,7.636227130889893,0.0,0.0,1.0,1014.5816040039062,254.74388122558594,4.513623237609863,1.1150550842285156,0.5582929253578186
10,0.5852568745613098,0.35192930698394775,35.81340408325195,8.314474105834961,0.001039908966049552,0.001039908966049552,1.0,1097.77587890625,277.379150390625,4.5106000900268555,1.1133856773376465,0.6070721745491028
20,0.48064759373664856,0.24525611102581024,43.71226501464844,9.834390640258789,0.0011041564866900444,0.004638496320694685,1.0,1336.7388916015625,327.7559509277344,4.513278007507324,1.1127660274505615,0.714657723903656
30,0.39865463972091675,0.1627105474472046,53.925498962402344,11.699051856994629,0.0005179182626307011,0.005731772631406784,1.0,1649.8212890625,390.0798645019531,4.520915508270264,1.1263129711151123,0.831322431564331
40,1.0738252401351929,2.566160202026367,55.914306640625,-13.68720531463623,0.2623369097709656,0.3927256166934967,1.0,1569.9345703125,387.208251953125,4.538362503051758,1.216855764389038,0.8743042349815369
50,0.44490545988082886,0.20814085006713867,23.204402923583984,8.205035209655762,0.32356324791908264,0.025826960802078247,1.0,705.7725830078125,271.4171447753906,4.508968353271484,1.2249608039855957,0.5341318249702454
60,0.3678218424320221,0.13147291541099548,32.233760833740234,10.066174507141113,0.007127929013222456,0.02025226317346096,1.0,983.5928344726562,333.10791015625,4.51608419418335,1.2765710353851318,0.683885395526886
70,0.33442437648773193,0.09816849231719971,39.40613555908203,11.417724609375,0.0011852621100842953,0.018719814717769623,1.0,1207.291259765625,378.78790283203125,4.526211738586426,1.3184454441070557,0.7799617052078247
80,0.32262617349624634,0.08597712963819504,43.55672073364258,12.155323028564453,8.921697735786438e-05,0.015875253826379776,1.0,1337.9322509765625,404.1872253417969,4.536983966827393,1.3449628353118896,0.8334811925888062
90,0.31794261932373047,0.08100147545337677,45.57470703125,12.475919723510742,8.400180377066135e-06,0.012116212397813797,1.0,1401.716552734375,415.6239013671875,4.547504425048828,1.3606539964675903,0.862194299697876
100,0.31522616744041443,0.07823555916547775,46.47589111328125,12.582144737243652,5.476200021803379e-05,0.008164530619978905,1.0,1430.2109375,419.8335266113281,4.557471752166748,1.3706156015396118,0.8786662817001343
110,0.3131508231163025,0.07628421485424042,46.87929916381836,12.595827102661133,4.592898767441511e-05,0.004387795925140381,1.0,1442.9244384765625,420.9059753417969,4.566776275634766,1.3779093027114868,0.889590859413147
120,0.31141939759254456,0.07508238404989243,47.082908630371094,12.571846008300781,0.000715318601578474,0.00023441389203071594,1.0,1449.353515625,420.849853515625,4.575419902801514,1.3840588331222534,0.8980981707572937
130,0.3140384554862976,0.0887577161192894,47.02864074707031,12.44376277923584,0.01706143468618393,0.03113822266459465,1.0,1448.329345703125,420.3188171386719,4.584165573120117,1.3910129070281982,0.905593752861023
140,0.6477617621421814,0.3618178963661194,37.660308837890625,10.912752151489258,0.061183664947748184,0.15829876065254211,1.0,1121.720703125,359.10235595703125,4.59130859375,1.4212056398391724,0.8146608471870422
150,0.31398048996925354,0.081357441842556,37.118812561035156,11.001401901245117,0.10575893521308899,0.02304144948720932,1.0,1138.5712890625,370.0064392089844,4.588709354400635,1.438377857208252,0.8283376097679138
160,0.30814406275749207,0.07383902370929718,39.404502868652344,11.490272521972656,0.004844130016863346,0.01650426536798477,1.0,1211.4010009765625,385.88665771484375,4.593440532684326,1.453914999961853,0.8598015308380127
170,0.3067275583744049,0.07224930822849274,40.39259338378906,11.666799545288086,8.610909571871161e-05,0.017351198941469193,1.0,1242.7401123046875,392.1697082519531,4.59859561920166,1.4630320072174072,0.8753600716590881
180,0.30602535605430603,0.07204634696245193,40.83019256591797,11.721290588378906,0.0011290193069726229,0.020238202065229416,1.0,1256.56201171875,394.5767822265625,4.60357666015625,1.469383716583252,0.8843725919723511
190,0.30582335591316223,0.07301478832960129,41.051795959472656,11.727038383483887,0.002491084858775139,0.025114228948950768,1.0,1263.493896484375,395.5616455078125,4.608249664306641,1.4747155904769897,0.8906921744346619
200,0.30682697892189026,0.07630771398544312,41.15045928955078,11.703766822814941,0.004833017010241747,0.033341553062200546,1.0,1266.4508056640625,395.8868713378906,4.612614631652832,1.47988760471344,0.8955094814300537
210,0.3112950026988983,0.08491071313619614,41.0565071105957,11.6428804397583,0.008452128618955612,0.04682853817939758,1.0,1263.013427734375,395.2618713378906,4.616669654846191,1.4856501817703247,0.8983663320541382
220,0.3212321996688843,0.09942097961902618,40.56633377075195,11.527120590209961,0.009966619312763214,0.06261594593524933,1.0,1246.47509765625,392.5268859863281,4.620151042938232,1.4928401708602905,0.897286593914032
230,0.32484784722328186,0.10243683308362961,39.81135559082031,11.405301094055176,0.001457420876249671,0.06605914980173111,1.0,1222.3099365234375,388.6418151855469,4.622476100921631,1.5011045932769775,0.8933537006378174
240,0.316556841135025,0.09107838571071625,39.47039794921875,11.388589859008789,0.007224486209452152,0.05654489994049072,1.0,1212.614013671875,387.6422424316406,4.624032497406006,1.5088201761245728,0.8933751583099365
250,0.3100500702857971,0.08244702219963074,39.53429412841797,11.440345764160156,0.006353912875056267,0.0478421151638031,1.0,1215.4676513671875,388.8665466308594,4.625638961791992,1.5153543949127197,0.8969910144805908
260,0.30694130063056946,0.07812461256980896,39.68974304199219,11.491557121276855,0.003577222116291523,0.04295086860656738,1.0,1220.7435302734375,390.2998962402344,4.6273908615112305,1.52080500125885,0.900997519493103
270,0.30543190240859985,0.0760137289762497,39.82997512817383,11.527769088745117,0.0017902108374983072,0.04057227075099945,1.0,1225.2952880859375,391.4327697753906,4.629159450531006,1.5255134105682373,0.9044657349586487
280,0.3046611547470093,0.07504011690616608,39.94461441040039,11.552661895751953,0.0007184190908446908,0.03969985246658325,1.0,1228.9251708984375,392.32061767578125,4.630860805511475,1.5297906398773193,0.9074154496192932
290,0.3043195307254791,0.0747821182012558,40.03759002685547,11.570348739624023,1.787068322300911e-05,0.039853066205978394,1.0,1231.8154296875,393.0591735839844,4.632452964782715,1.53384530544281,0.909968912601471
300,0.3043094575405121,0.0750877857208252,40.10868835449219,11.582829475402832,0.0006009885109961033,0.040815569460392,1.0,1233.987060546875,393.69091796875,4.633920192718506,1.5378154516220093,0.912183940410614
310,0.3046104907989502,0.07589897513389587,40.15271759033203,11.590625762939453,0.0010846862569451332,0.042453065514564514,1.0,1235.289306640625,394.21368408203125,4.635252952575684,1.5418013334274292,0.9140568971633911
320,0.3052017390727997,0.07713537663221359,40.162132263183594,11.59375286102295,0.0014296256704255939,0.04457738623023033,1.0,1235.491943359375,394.60272216796875,4.636443138122559,1.5458810329437256,0.9155496954917908
330,0.30597877502441406,0.07857922464609146,40.13196563720703,11.59271240234375,0.0015230232384055853,0.04683752730488777,1.0,1234.447509765625,394.8397521972656,4.637477397918701,1.5501056909561157,0.9166353940963745
340,0.30669087171554565,0.0798155814409256,40.066768646240234,11.589475631713867,0.0012475806288421154,0.04870743677020073,1.0,1232.315673828125,394.95074462890625,4.638343334197998,1.5544805526733398,0.9173594117164612
350,0.30701184272766113,0.08037644624710083,39.984771728515625,11.587635040283203,0.0006238124915398657,0.04967942833900452,1.0,1229.691650390625,395.0278625488281,4.639042854309082,1.5589512586593628,0.9178816676139832
360,0.30677056312561035,0.08006779849529266,39.911705017089844,11.590926170349121,0.00011009062291122973,0.04957807809114456,1.0,1227.3922119140625,395.1949462890625,4.639602184295654,1.5634205341339111,0.918428361415863
370,0.30608847737312317,0.07911265641450882,39.86648178100586,11.601011276245117,0.0006497603608295321,0.04866562783718109,1.0,1225.9976806640625,395.5317687988281,4.6400675773620605,1.5677937269210815,0.9191650748252869
380,0.30524176359176636,0.0779271200299263,39.85316467285156,11.616853713989258,0.0008548937039449811,0.047415874898433685,1.0,1225.6087646484375,396.03814697265625,4.640481948852539,1.572013258934021,0.9201249480247498
390,0.30445683002471924,0.07684417814016342,39.864681243896484,11.636064529418945,0.0007788898656144738,0.046236880123615265,1.0,1225.9847412109375,396.66326904296875,4.640876293182373,1.5760701894760132,0.9212465882301331
400,0.3038449287414551,0.07603219896554947,39.890411376953125,11.656377792358398,0.0005445297574624419,0.04536585882306099,1.0,1226.786865234375,397.3489074707031,4.641258716583252,1.5799875259399414,0.9224433302879333
410,0.3034359812736511,0.07554063946008682,39.92060852050781,11.676237106323242,0.0002530667115934193,0.044895753264427185,1.0,1227.7119140625,398.0495300292969,4.641631126403809,1.5838088989257812,0.9236406087875366
420,0.30322059988975525,0.07535627484321594,39.94757843017578,11.694737434387207,3.178810584358871e-05,0.04482698068022728,1.0,1228.52294921875,398.7336120605469,4.641984939575195,1.5875790119171143,0.9247837066650391
430,0.3031708300113678,0.07543058693408966,39.96555709838867,11.711441040039062,0.00026880920631811023,0.04509920999407768,1.0,1229.044921875,399.3797607421875,4.642313480377197,1.5913400650024414,0.9258332848548889
440,0.3032420575618744,0.07568507641553879,39.97093963623047,11.726271629333496,0.00042575987754389644,0.04560381919145584,1.0,1229.16845703125,399.9754333496094,4.642607688903809,1.5951242446899414,0.9267656803131104
450,0.3033706247806549,0.07601144909858704,39.962772369384766,11.739544868469238,0.00047769187949597836,0.04619371145963669,1.0,1228.8671875,400.5189208984375,4.6428608894348145,1.5989500284194946,0.927575945854187
460,0.3034783601760864,0.07628434151411057,39.94334411621094,11.751949310302734,0.0004166864964645356,0.046706560999155045,1.0,1228.21484375,401.0218505859375,4.643068790435791,1.602819800376892,0.9282838106155396
470,0.30349200963974,0.07639431953430176,39.91783905029297,11.764453887939453,0.00026444828836247325,0.047007571905851364,1.0,1227.3763427734375,401.5084228515625,4.6432318687438965,1.6067196130752563,0.9289308786392212
480,0.3033711910247803,0.07628822326660156,39.89282989501953,11.778000831604004,7.271453068824485e-05,0.04703347384929657,1.0,1226.5574951171875,402.0080871582031,4.643356800079346,1.6106269359588623,0.9295721650123596
490,0.3031242787837982,0.07598786056041718,39.87392807006836,11.793201446533203,9.590759873390198e-05,0.04681083559989929,1.0,1225.932861328125,402.5448913574219,4.6434550285339355,1.614516258239746,0.930255115032196
500,0.3027990758419037,0.07557185739278793,39.864051818847656,11.810154914855957,0.0001953446480911225,0.0464349165558815,1.0,1225.5906982421875,403.1294860839844,4.643537521362305,1.618368148803711,0.931005597114563
510,0.30245718359947205,0.07513636350631714,39.862972259521484,11.828495979309082,0.00021123186161275953,0.046024881303310394,1.0,1225.5220947265625,403.7582092285156,4.643615245819092,1.6221753358840942,0.9318240880966187
520,0.3021506369113922,0.07476098835468292,39.86820602416992,11.847622871398926,0.00015715594054199755,0.04568372666835785,1.0,1225.647705078125,404.4178466796875,4.643692493438721,1.6259419918060303,0.9326921701431274
530,0.3019108772277832,0.074492909014225,39.876182556152344,11.866911888122559,6.118344026617706e-05,0.045475877821445465,1.0,1225.856201171875,405.09136962890625,4.643771171569824,1.629678726196289,0.9335829019546509
540,0.3017479479312897,0.0743451863527298,39.88335037231445,11.885866165161133,4.573916521621868e-05,0.045421842485666275,1.0,1226.0369873046875,405.7627258300781,4.643848896026611,1.633400797843933,0.9344690442085266
550,0.3016531467437744,0.07430127263069153,39.88690185546875,11.904179573059082,0.00013628375018015504,0.045502252876758575,1.0,1226.10302734375,406.4196472167969,4.643921375274658,1.6371231079101562,0.935329020023346
560,0.3016034960746765,0.07432229071855545,39.88531494140625,11.921782493591309,0.00019042863277718425,0.04566767066717148,1.0,1226.0074462890625,407.0556335449219,4.643986225128174,1.6408560276031494,0.9361498355865479
570,0.3015672564506531,0.07435693591833115,39.87860107421875,11.938817977905273,0.00019829328812193125,0.04585228115320206,1.0,1225.7510986328125,407.6708679199219,4.644038677215576,1.6446046829223633,0.9369306564331055
580,0.3015119433403015,0.0743551030755043,39.86820602416992,11.955601692199707,0.00016269812476821244,0.04599224776029587,1.0,1225.3790283203125,408.27178955078125,4.644077301025391,1.6483668088912964,0.9376826882362366
590,0.30141398310661316,0.07428248226642609,39.85651397705078,11.972513198852539,9.875374962575734e-05,0.046043962240219116,1.0,1224.9658203125,408.86895751953125,4.644103050231934,1.6521363258361816,0.9384239315986633
600,0.30126577615737915,0.07413049042224884,39.84604263305664,11.98988151550293,2.9045659175608307e-05,0.045995645225048065,1.0,1224.58935546875,409.4733581542969,4.644119739532471,1.6559028625488281,0.9391748309135437
610,0.3010766804218292,0.07391638308763504,39.838600158691406,12.007888793945312,2.4567125365138054e-05,0.0458676815032959,1.0,1224.3062744140625,410.0928649902344,4.644130229949951,1.6596580743789673,0.9399512410163879
620,0.30086761713027954,0.07367411255836487,39.8348388671875,12.02652359008789,4.8331399739254266e-05,0.04570154845714569,1.0,1224.1368408203125,410.73004150390625,4.644139289855957,1.6633974313735962,0.9407594799995422
630,0.3006623685359955,0.07344052940607071,39.83424377441406,12.045619010925293,4.0159415220841765e-05,0.04554358124732971,1.0,1224.0648193359375,411.3821716308594,4.644150733947754,1.6671199798583984,0.9415969848632812
640,0.3004796802997589,0.07324396073818207,39.835453033447266,12.064912796020508,7.690883649047464e-06,0.04543028771877289,1.0,1224.0478515625,412.0428771972656,4.644163608551025,1.6708285808563232,0.9424537420272827
650,0.3003290593624115,0.07309765368700027,39.83679962158203,12.084160804748535,3.572860441636294e-05,0.045379847288131714,1.0,1224.0345458984375,412.70452880859375,4.64417839050293,1.6745290756225586,0.9433170557022095
660,0.30020955204963684,0.07299838960170746,39.83685302734375,12.103174209594727,7.556282798759639e-05,0.045389097183942795,1.0,1223.9794921875,413.3603515625,4.644193172454834,1.678226351737976,0.9441748857498169
670,0.3001112937927246,0.07292961329221725,39.83473205566406,12.121877670288086,0.00010034671140601858,0.04543774202466011,1.0,1223.85595703125,414.0063781738281,4.644206523895264,1.6819255352020264,0.9450201392173767
680,0.30001944303512573,0.07286743074655533,39.83037567138672,12.140317916870117,0.00010412730625830591,0.0454956516623497,1.0,1223.6617431640625,414.6419677734375,4.644215106964111,1.6856276988983154,0.9458511471748352
690,0.2999188303947449,0.07278862595558167,39.82444763183594,12.158624649047852,8.808211714494973e-05,0.04553333669900894,1.0,1223.4169921875,415.2698974609375,4.644219875335693,1.689332365989685,0.946672260761261
700,0.2997986376285553,0.07267770916223526,39.81804656982422,12.176971435546875,5.9303554735379294e-05,0.045530691742897034,1.0,1223.1558837890625,415.8950500488281,4.644219398498535,1.6930351257324219,0.9474920034408569
710,0.2996560335159302,0.07253158837556839,39.81232452392578,12.19551944732666,2.8545266104629263e-05,0.04548299312591553,1.0,1222.914306640625,416.5226135253906,4.644216060638428,1.6967328786849976,0.9483195543289185
720,0.2994958758354187,0.07235896587371826,39.8080940246582,12.214348793029785,5.712765414500609e-06,0.04540015757083893,1.0,1222.717529296875,417.1562805175781,4.644212245941162,1.700421690940857,0.949161946773529
730,0.29932817816734314,0.07217606157064438,39.805580139160156,12.233457565307617,3.010245563928038e-06,0.04530201107263565,1.0,1222.572998046875,417.7972106933594,4.6442084312438965,1.7040989398956299,0.950022280216217
740,0.2991640865802765,0.07200003415346146,39.80445861816406,12.252762794494629,2.92818367597647e-06,0.04520997405052185,1.0,1222.4705810546875,418.444091796875,4.644205570220947,1.7077651023864746,0.9508984088897705
750,0.29901203513145447,0.07184324413537979,39.803993225097656,12.272148132324219,1.9172352040186524e-05,0.04513994976878166,1.0,1222.3878173828125,419.0935974121094,4.644204139709473,1.7114217281341553,0.9517852663993835
760,0.2988753020763397,0.07170989364385605,39.803367614746094,12.29149055480957,3.866759652737528e-05,0.04509779065847397,1.0,1222.2989501953125,419.74200439453125,4.644203186035156,1.715071201324463,0.9526762962341309
770,0.2987515926361084,0.07159563153982162,39.80192565917969,12.310717582702637,5.404654439189471e-05,0.045078493654727936,1.0,1222.18408203125,420.38623046875,4.644202709197998,1.7187151908874512,0.953566312789917
780,0.2986345589160919,0.07149001210927963,39.799415588378906,12.329805374145508,6.030547228874639e-05,0.04506919905543327,1.0,1222.0347900390625,421.02496337890625,4.644200801849365,1.7223550081253052,0.9544524550437927
790,0.2985161542892456,0.07138055562973022,39.79597854614258,12.34880256652832,5.590936780208722e-05,0.045054249465465546,1.0,1221.85546875,421.6586608886719,4.644197463989258,1.7259905338287354,0.9553355574607849
800,0.2983897030353546,0.07125731557607651,39.79210662841797,12.367788314819336,4.3259784433757886e-05,0.045020751655101776,1.0,1221.6612548828125,422.2894592285156,4.644191265106201,1.7296204566955566,0.9562188982963562
810,0.2982519268989563,0.07111603021621704,39.78841781616211,12.386853218078613,2.7314479666529223e-05,0.044962842017412186,1.0,1221.470947265625,422.9201965332031,4.64418363571167,1.7332415580749512,0.957107663154602
820,0.29810407757759094,0.07095924764871597,39.78539276123047,12.406063079833984,1.3772278180113062e-05,0.044883161783218384,1.0,1221.300537109375,423.5533142089844,4.644175052642822,1.7368534803390503,0.9580060839653015
830,0.2979506254196167,0.07079432904720306,39.78329086303711,12.425437927246094,6.673464667983353e-06,0.044790539890527725,1.0,1221.1572265625,424.1900329589844,4.644165992736816,1.7404539585113525,0.9589163661003113
840,0.29779762029647827,0.07063058763742447,39.78200912475586,12.444948196411133,7.439324690494686e-06,0.044696494936943054,1.0,1221.038330078125,424.8302001953125,4.644158363342285,1.7440428733825684,0.9598382711410522
850,0.2976500391960144,0.0704754889011383,39.78118896484375,12.464536666870117,1.4438926882576197e-05,0.04461052268743515,1.0,1220.933349609375,425.4723205566406,4.644150733947754,1.7476204633712769,0.9607698917388916
860,0.2975102663040161,0.07033228129148483,39.7803955078125,12.48414134979248,2.3989119654288515e-05,0.044537074863910675,1.0,1220.8282470703125,426.1144104003906,4.644143104553223,1.7511883974075317,0.9617072939872742
870,0.29737770557403564,0.07019936293363571,39.77924346923828,12.503708839416504,3.198084596078843e-05,0.044474370777606964,1.0,1220.71142578125,426.7546691894531,4.644135475158691,1.7547459602355957,0.9626476168632507
880,0.2972489893436432,0.07007133960723877,39.77756118774414,12.52322769165039,3.5311488318257034e-05,0.044415973126888275,1.0,1220.5770263671875,427.3922119140625,4.6441264152526855,1.7582957744598389,0.9635891914367676
890,0.29711976647377014,0.06994140893220901,39.77540588378906,12.542717933654785,3.2881111110327765e-05,0.044353269040584564,1.0,1220.42724609375,428.0272216796875,4.644116401672363,1.7618366479873657,0.9645321369171143
900,0.29698634147644043,0.06980408728122711,39.773048400878906,12.562219619750977,2.5936731617548503e-05,0.04427916184067726,1.0,1220.270263671875,428.6608581542969,4.644104957580566,1.7653673887252808,0.9654783010482788
910,0.29684698581695557,0.06965716928243637,39.77082443237305,12.581786155700684,1.729286668705754e-05,0.04419059306383133,1.0,1220.1163330078125,429.29473876953125,4.644093036651611,1.7688870429992676,0.9664305448532104
920,0.29670250415802,0.06950214505195618,39.769020080566406,12.60145378112793,1.0033756552729756e-05,0.044089071452617645,1.0,1219.9744873046875,429.9302673339844,4.644079208374023,1.7723946571350098,0.9673905968666077
930,0.2965554893016815,0.06934340298175812,39.767765045166016,12.621236801147461,6.58419230603613e-06,0.04397988319396973,1.0,1219.8486328125,430.5681457519531,4.6440653800964355,1.7758896350860596,0.9683606028556824
940,0.2964094579219818,0.06918618828058243,39.76697540283203,12.641117095947266,7.533970347139984e-06,0.04386956989765167,1.0,1219.73681640625,431.208251953125,4.644051551818848,1.7793720960617065,0.9693398475646973
950,0.2962670624256134,0.06903455406427383,39.76643753051758,12.661060333251953,1.182676169264596e-05,0.043763309717178345,1.0,1219.63232421875,431.84967041015625,4.64403772354126,1.7828418016433716,0.9703267216682434
960,0.2961295545101166,0.06889000535011292,39.76589584350586,12.68102741241455,1.7270969692617655e-05,0.043663278222084045,1.0,1219.527099609375,432.4912109375,4.644023418426514,1.7862995862960815,0.971319317817688
970,0.2959960997104645,0.06875104457139969,39.76514434814453,12.700995445251465,2.135987233486958e-05,0.04356773942708969,1.0,1219.414794921875,433.13189697265625,4.644007682800293,1.7897459268569946,0.9723161458969116
980,0.29586464166641235,0.0686141848564148,39.76409912109375,12.720956802368164,2.2474388970294967e-05,0.04347239434719086,1.0,1219.2930908203125,433.77130126953125,4.643991947174072,1.79318106174469,0.9733158946037292
990,0.2957324683666229,0.06847558915615082,39.76283264160156,12.740926742553711,2.036054866039194e-05,0.04337234050035477,1.0,1219.1639404296875,434.40960693359375,4.6439738273620605,1.796604037284851,0.9743190407752991
1000,0.29559776186943054,0.06833232194185257,39.76152420043945,12.760927200317383,1.5888275811448693e-05,0.04326378554105759,1.0,1219.0330810546875,435.0476989746094,4.643956184387207,1.8000155687332153,0.9753268361091614
1010,0.2954599857330322,0.06818392872810364,39.760398864746094,12.780997276306152,1.1124906450277194e-05,0.04314591735601425,1.0,1218.9068603515625,435.6864929199219,4.6439361572265625,1.80341374874115,0.9763408303260803
1020,0.295320063829422,0.06803200393915176,39.75956344604492,12.8011474609375,7.781414751661941e-06,0.043020494282245636,1.0,1218.7896728515625,436.3267517089844,4.64391565322876,1.8067982196807861,0.9773622751235962
1030,0.2951798141002655,0.0678795650601387,39.75907897949219,12.82138442993164,6.989750545471907e-06,0.04289121925830841,1.0,1218.6826171875,436.96875,4.643893718719482,1.81017005443573,0.9783914089202881
1040,0.2950412929058075,0.0677296444773674,39.75886154174805,12.84168815612793,8.73347744345665e-06,0.042761970311403275,1.0,1218.583251953125,437.6121520996094,4.643870830535889,1.8135279417037964,0.979427695274353
1050,0.2949059307575226,0.06758417189121246,39.758731842041016,12.862037658691406,1.2032738595735282e-05,0.04263526201248169,1.0,1218.48681640625,438.2563171386719,4.643847942352295,1.8168730735778809,0.9804699420928955
1060,0.29477375745773315,0.06744316220283508,39.75855255126953,12.88241195678711,1.526479536551051e-05,0.042511213570833206,1.0,1218.3885498046875,438.90045166015625,4.643824100494385,1.8202049732208252,0.9815168976783752
1070,0.2946438789367676,0.06730501353740692,39.75822448730469,12.902792930603027,1.712789890007116e-05,0.04238797724246979,1.0,1218.2852783203125,439.5440979003906,4.643799781799316,1.8235245943069458,0.9825677275657654
1080,0.2945147454738617,0.06716734915971756,39.75773620605469,12.923186302185059,1.6977457562461495e-05,0.04226243495941162,1.0,1218.177001953125,440.18707275390625,4.643773078918457,1.8268309831619263,0.9836217164993286
1090,0.2943848669528961,0.06702784448862076,39.757179260253906,12.943604469299316,1.4926084986655042e-05,0.042131613940000534,1.0,1218.0662841796875,440.82977294921875,4.6437458992004395,1.830125331878662,0.9846797585487366
1100,0.2942533791065216,0.06688538938760757,39.756683349609375,12.964067459106445,1.1998414265690371e-05,0.04199399799108505,1.0,1217.95703125,441.4727783203125,4.643716335296631,1.8334060907363892,0.9857422709465027
1110,0.29412055015563965,0.06674053519964218,39.75636672973633,12.984590530395508,9.601033525541425e-06,0.04185011237859726,1.0,1217.853271484375,442.11669921875,4.643686294555664,1.8366730213165283,0.9868106842041016
1120,0.2939872741699219,0.06659485399723053,39.75628662109375,13.005182266235352,8.543938747607172e-06,0.0417017824947834,1.0,1217.7564697265625,442.7618713378906,4.6436543464660645,1.83992600440979,0.9878851175308228
1130,0.29385504126548767,0.06645045429468155,39.756412506103516,13.025833129882812,9.261275408789515e-06,0.041551753878593445,1.0,1217.6661376953125,443.4081726074219,4.643621444702148,1.8431661128997803,0.9889652729034424
1140,0.293724924325943,0.06630907207727432,39.756656646728516,13.046525955200195,1.1381715012248605e-05,0.04140219837427139,1.0,1217.5794677734375,444.05523681640625,4.643588066101074,1.8463919162750244,0.9900506138801575
1150,0.29359734058380127,0.06617113202810287,39.75690460205078,13.067251205444336,1.3814253179589286e-05,0.04125375300645828,1.0,1217.4927978515625,444.7025451660156,4.643552780151367,1.849604606628418,0.9911397099494934
1160,0.2934718132019043,0.06603580713272095,39.757080078125,13.087987899780273,1.5530666132690385e-05,0.041105471551418304,1.0,1217.4036865234375,445.3496398925781,4.6435160636901855,1.8528040647506714,0.9922324419021606
1170,0.2933473587036133,0.06590155512094498,39.75714111328125,13.108739852905273,1.591956606716849e-05,0.04095536470413208,1.0,1217.3114013671875,445.996337890625,4.6434783935546875,1.8559906482696533,0.9933279752731323
1180,0.2932228446006775,0.06576664745807648,39.757144927978516,13.129508972167969,1.4901317626936361e-05,0.0408012717962265,1.0,1217.2171630859375,446.64276123046875,4.643438816070557,1.8591636419296265,0.994426429271698
1190,0.2930976152420044,0.06563010066747665,39.757179260253906,13.150312423706055,1.3099099305691198e-05,0.04064173996448517,1.0,1217.123779296875,447.28936767578125,4.643397331237793,1.8623237609863281,0.9955282807350159
1200,0.29297158122062683,0.06549201905727386,39.75732421875,13.171163558959961,1.142497785622254e-05,0.04047691076993942,1.0,1217.0340576171875,447.9365234375,4.643354415893555,1.8654695749282837,0.9966343641281128
1210,0.29284539818763733,0.06535343825817108,39.75764083862305,13.192063331604004,1.064202660927549e-05,0.04030787944793701,1.0,1216.9493408203125,448.58453369140625,4.643310070037842,1.8686020374298096,0.9977447986602783
1220,0.2927199900150299,0.06521575152873993,39.758121490478516,13.21300983428955,1.1047817679354921e-05,0.04013659060001373,1.0,1216.8697509765625,449.2334289550781,4.643263339996338,1.871720790863037,0.9988593459129333
1230,0.2925962209701538,0.06508032232522964,39.758697509765625,13.233996391296387,1.2511743989307433e-05,0.039964642375707626,1.0,1216.7935791015625,449.8829040527344,4.643215656280518,1.874825358390808,0.9999778866767883
1240,0.2924744486808777,0.06494755297899246,39.75929641723633,13.255010604858398,1.4330442354548723e-05,0.039792709052562714,1.0,1216.718017578125,450.53265380859375,4.6431660652160645,1.8779170513153076,1.0010991096496582
1250,0.29235443472862244,0.06481701880693436,39.75984191894531,13.27603530883789,1.5740268281660974e-05,0.03962032496929169,1.0,1216.6412353515625,451.1822204589844,4.643115997314453,1.880995273590088,1.0022231340408325
1260,0.29223549365997314,0.064687579870224,39.760318756103516,13.297073364257812,1.6189926100196317e-05,0.03944603353738785,1.0,1216.5623779296875,451.83154296875,4.643062591552734,1.8840606212615967,1.0033485889434814
1270,0.29211676120758057,0.06455795466899872,39.76075744628906,13.318126678466797,1.558651274535805e-05,0.039268139749765396,1.0,1216.4822998046875,452.4806213378906,4.643007755279541,1.887111783027649,1.0044761896133423
1280,0.29199767112731934,0.06442735344171524,39.761207580566406,13.339207649230957,1.4347762771649286e-05,0.039085593074560165,1.0,1216.4029541015625,453.1297607421875,4.642950534820557,1.8901500701904297,1.0056060552597046
1290,0.29187819361686707,0.06429581344127655,39.761749267578125,13.360321044921875,1.3186992873670533e-05,0.038898419588804245,1.0,1216.3265380859375,453.779296875,4.642892360687256,1.8931750059127808,1.0067384243011475
1300,0.2917587459087372,0.06416407972574234,39.76241683959961,13.381473541259766,1.265725222765468e-05,0.038707487285137177,1.0,1216.2542724609375,454.4294738769531,4.642830848693848,1.8961857557296753,1.0078738927841187
1310,0.29164010286331177,0.06403328478336334,39.763206481933594,13.402666091918945,1.307407728745602e-05,0.03851432353258133,1.0,1216.18603515625,455.08026123046875,4.642768859863281,1.899182677268982,1.0090117454528809
1320,0.2915228307247162,0.06390435248613358,39.76408386230469,13.423887252807617,1.4243360055843368e-05,0.03832010552287102,1.0,1216.1204833984375,455.73150634765625,4.642704486846924,1.9021663665771484,1.0101521015167236
1330,0.29140737652778625,0.06377770751714706,39.76496124267578,13.4451265335083,1.5723413525847718e-05,0.0381254144012928,1.0,1216.0556640625,456.38287353515625,4.642638206481934,1.9051365852355957,1.0112940073013306
1340,0.29129326343536377,0.06365280598402023,39.76580047607422,13.466378211975098,1.6744725144235417e-05,0.03792967274785042,1.0,1215.989990234375,457.0340576171875,4.642569065093994,1.908093810081482,1.012437343597412
1350,0.2911800742149353,0.06352880597114563,39.76658630371094,13.487635612487793,1.704998066998087e-05,0.037731852382421494,1.0,1215.9229736328125,457.68499755859375,4.64249849319458,1.911037802696228,1.0135810375213623
1360,0.29106706380844116,0.06340469419956207,39.76735305786133,13.508909225463867,1.652932769502513e-05,0.03753051161766052,1.0,1215.85546875,458.33575439453125,4.642425060272217,1.9139683246612549,1.0147258043289185
1370,0.29095393419265747,0.06327996402978897,39.76813507080078,13.53020191192627,1.5612571587553248e-05,0.037325095385313034,1.0,1215.7889404296875,458.986572265625,4.642350196838379,1.9168853759765625,1.0158716440200806
1380,0.29084065556526184,0.06315473467111588,39.76899719238281,13.55152416229248,1.4820947399130091e-05,0.037115685641765594,1.0,1215.7252197265625,459.6377258300781,4.642271995544434,1.9197889566421509,1.0170186758041382
1390,0.2907276749610901,0.0630297064781189,39.76995849609375,13.5728759765625,1.4633031241828576e-05,0.036903265863657,1.0,1215.6650390625,460.2893371582031,4.6421918869018555,1.9226794242858887,1.01816725730896
1400,0.29061561822891235,0.06290581822395325,39.77101135253906,13.594254493713379,1.5200483176158741e-05,0.03668896108865738,1.0,1215.608154296875,460.9414367675781,4.6421098709106445,1.92555570602417,1.0193169116973877
1410,0.2905048429965973,0.06278365105390549,39.772117614746094,13.615656852722168,1.6244866856141016e-05,0.036473628133535385,1.0,1215.552978515625,461.59375,4.642025470733643,1.9284194707870483,1.0204675197601318
1420,0.2903955280780792,0.06266330927610397,39.77322006225586,13.637065887451172,1.735227124299854e-05,0.03625740855932236,1.0,1215.4984130859375,462.2460632324219,4.64193868637085,1.9312700033187866,1.021618366241455
1430,0.2902873754501343,0.0625443160533905,39.77427673339844,13.658485412597656,1.805255305953324e-05,0.03603993356227875,1.0,1215.443115234375,462.898193359375,4.641849040985107,1.934106707572937,1.0227689743041992
1440,0.2901798486709595,0.06242598965764046,39.775306701660156,13.679910659790039,1.817658994696103e-05,0.035820141434669495,1.0,1215.3870849609375,463.5500793457031,4.641757488250732,1.936930537223816,1.0239195823669434
1450,0.29007256031036377,0.062307555228471756,39.77631378173828,13.701348304748535,1.7685957573121414e-05,0.03559723496437073,1.0,1215.3311767578125,464.2018127441406,4.641663551330566,1.939741849899292,1.0250694751739502
1460,0.2899651527404785,0.06218872219324112,39.77735900878906,13.722798347473145,1.697760308161378e-05,0.035370685160160065,1.0,1215.276611328125,464.8536376953125,4.641566753387451,1.942539095878601,1.0262196063995361
1470,0.2898578643798828,0.06206976994872093,39.77846908569336,13.744272232055664,1.6517817130079493e-05,0.03514096885919571,1.0,1215.224853515625,465.5057678222656,4.6414666175842285,1.9453237056732178,1.0273698568344116
1480,0.2897511124610901,0.06195136159658432,39.7796630859375,13.765769958496094,1.6606813005637378e-05,0.034908901900053024,1.0,1215.1761474609375,466.1582336425781,4.641365051269531,1.9480952024459839,1.028520107269287
1490,0.2896452844142914,0.06183420121669769,39.78092575073242,13.7872896194458,1.7280530300922692e-05,0.03467544540762901,1.0,1215.1300048828125,466.81103515625,4.641260623931885,1.9508529901504517,1.0296701192855835
1500,0.2895407974720001,0.06171875447034836,39.78219985961914,13.808818817138672,1.8312728570890613e-05,0.03444137051701546,1.0,1215.0849609375,467.4638977050781,4.641153812408447,1.953597903251648,1.0308197736740112
1510,0.2894374430179596,0.061604831367731094,39.78346633911133,13.830350875854492,1.9187635189155117e-05,0.03420639783143997,1.0,1215.0400390625,468.11663818359375,4.6410441398620605,1.956330418586731,1.031968116760254
1520,0.2893350422382355,0.06149185076355934,39.78468704223633,13.851888656616211,1.954666367964819e-05,0.033969953656196594,1.0,1214.9945068359375,468.7691345214844,4.640931606292725,1.9590492248535156,1.0331155061721802
1530,0.2892330288887024,0.061379190534353256,39.78586959838867,13.873431205749512,1.9424696802161634e-05,0.03373114764690399,1.0,1214.94873046875,469.4214172363281,4.640816688537598,1.9617557525634766,1.0342611074447632
1540,0.2891311049461365,0.06126642972230911,39.787071228027344,13.894979476928711,1.8959788576466963e-05,0.033489637076854706,1.0,1214.9036865234375,470.0736389160156,4.640698432922363,1.9644490480422974,1.0354059934616089
1550,0.2890293002128601,0.061153486371040344,39.78830337524414,13.916543006896973,1.8468572307028808e-05,0.033245161175727844,1.0,1214.860595703125,470.7259521484375,4.640578746795654,1.9671299457550049,1.03654944896698
1560,0.28892773389816284,0.06104079633951187,39.789608001708984,13.938121795654297,1.832978887250647e-05,0.032998353242874146,1.0,1214.8199462890625,471.3785400390625,4.64045524597168,1.9697978496551514,1.0376919507980347
1570,0.2888268530368805,0.06092894822359085,39.79096221923828,13.959716796875,1.867060927907005e-05,0.032750144600868225,1.0,1214.7821044921875,472.0313720703125,4.640328884124756,1.9724524021148682,1.0388332605361938
1580,0.2887270748615265,0.06081850081682205,39.7923583984375,13.981325149536133,1.948349927261006e-05,0.0325012281537056,1.0,1214.7459716796875,472.6843566894531,4.640200138092041,1.9750946760177612,1.039973258972168
1590,0.2886284291744232,0.06070958077907562,39.79375457763672,14.002934455871582,2.036984915321227e-05,0.03225191310048103,1.0,1214.71044921875,473.3372497558594,4.640069484710693,1.9777240753173828,1.0411113500595093
1600,0.28853076696395874,0.06060187146067619,39.79512023925781,14.024544715881348,2.098453296639491e-05,0.03200175240635872,1.0,1214.6746826171875,473.9899597167969,4.63993501663208,1.9803409576416016,1.0422472953796387
1610,0.2884337306022644,0.060494761914014816,39.79643249511719,14.046154022216797,2.1109386580064893e-05,0.031750213354825974,1.0,1214.638427734375,474.64239501953125,4.639798164367676,1.9829456806182861,1.0433812141418457
1620,0.2883368730545044,0.06038769707083702,39.7977409362793,14.067765235900879,2.0775070879608393e-05,0.031496502459049225,1.0,1214.6025390625,475.2946472167969,4.639657497406006,1.9855371713638306,1.0445125102996826
1630,0.28824007511138916,0.06028047204017639,39.799072265625,14.089384078979492,2.0311965272412635e-05,0.031240424141287804,1.0,1214.5679931640625,475.9469299316406,4.639515399932861,1.988116979598999,1.0456421375274658
1640,0.288143515586853,0.06017337739467621,39.800437927246094,14.111017227172852,2.010067692026496e-05,0.030982326716184616,1.0,1214.5357666015625,476.599365234375,4.639369487762451,1.9906831979751587,1.0467697381973267
1650,0.2880473732948303,0.06006690859794617,39.80187225341797,14.13265609741211,2.0285355276428163e-05,0.03072304278612137,1.0,1214.5059814453125,477.2520446777344,4.639222145080566,1.993238091468811,1.047895073890686
1660,0.287952184677124,0.059961654245853424,39.80333709716797,14.154308319091797,2.09543140954338e-05,0.030463332310318947,1.0,1214.4781494140625,477.9048156738281,4.639070510864258,1.995780110359192,1.049018383026123
1670,0.2878580689430237,0.059857822954654694,39.80480194091797,14.175960540771484,2.179132388846483e-05,0.030203554779291153,1.0,1214.4512939453125,478.5575866699219,4.638916969299316,1.9983099699020386,1.0501389503479004
1680,0.28776490688323975,0.05975525081157684,39.80624771118164,14.197609901428223,2.2462845663540065e-05,0.029943669214844704,1.0,1214.4244384765625,479.21014404296875,4.638760566711426,2.0008270740509033,1.0512571334838867
1690,0.2876724302768707,0.0596533827483654,39.807647705078125,14.219256401062012,2.27003274630988e-05,0.02968291938304901,1.0,1214.3970947265625,479.8624572753906,4.638600826263428,2.003333330154419,1.0523719787597656
1700,0.2875802218914032,0.05955170467495918,39.809024810791016,14.240899085998535,2.2510717826662585e-05,0.029420742765069008,1.0,1214.369873046875,480.5145263671875,4.6384382247924805,2.005825996398926,1.0534838438034058
1710,0.2874879837036133,0.05944986268877983,39.81040954589844,14.262545585632324,2.2065523808123544e-05,0.02915678545832634,1.0,1214.34375,481.1665344238281,4.638273239135742,2.008307933807373,1.0545929670333862
1720,0.2873959541320801,0.05934812128543854,39.81182861328125,14.284199714660645,2.1837700842297636e-05,0.028891390189528465,1.0,1214.3197021484375,481.81866455078125,4.638105392456055,2.0107767581939697,1.055699348449707
1730,0.2873043417930603,0.05924694240093231,39.81330108642578,14.305862426757812,2.20097390410956e-05,0.028625208884477615,1.0,1214.298095703125,482.47100830078125,4.637935161590576,2.013234853744507,1.0568028688430786
1740,0.28721344470977783,0.05914684012532234,39.81480407714844,14.327527046203613,2.258937274746131e-05,0.02835906855762005,1.0,1214.2783203125,483.1234436035156,4.63776159286499,2.0156795978546143,1.0579038858413696
1750,0.2871236801147461,0.059048112481832504,39.816307067871094,14.349194526672363,2.339765524084214e-05,0.028093336150050163,1.0,1214.259521484375,483.77587890625,4.637585639953613,2.018113136291504,1.0590015649795532
1760,0.28703466057777405,0.05895049870014191,39.817787170410156,14.370856285095215,2.3985667212400585e-05,0.02782786265015602,1.0,1214.24072265625,484.4281005859375,4.637407302856445,2.0205349922180176,1.0600956678390503
1770,0.28694626688957214,0.05885356292128563,39.81922149658203,14.392511367797852,2.4216687961597927e-05,0.027562130242586136,1.0,1214.2218017578125,485.0801086425781,4.637225151062012,2.0229451656341553,1.06118643283844
1780,0.2868581712245941,0.058756861835718155,39.82064437866211,14.414163589477539,2.4100596419884823e-05,0.027295658364892006,1.0,1214.203125,485.7319030761719,4.637041091918945,2.025343418121338,1.062273621559143
1790,0.28677019476890564,0.058660220354795456,39.822059631347656,14.435815811157227,2.3850931029301137e-05,0.02702820673584938,1.0,1214.1851806640625,486.3836669921875,4.6368536949157715,2.027730703353882,1.0633572340011597
1800,0.28668227791786194,0.058563631027936935,39.82349395751953,14.457468032836914,2.3618900740984827e-05,0.02675996720790863,1.0,1214.1690673828125,487.03546142578125,4.636663436889648,2.0301058292388916,1.064437747001648
1810,0.2865947484970093,0.05846751481294632,39.824974060058594,14.479126930236816,2.373783354414627e-05,0.026491383090615273,1.0,1214.1551513671875,487.6874694824219,4.636471748352051,2.0324699878692627,1.0655149221420288
1820,0.28650787472724915,0.05837233364582062,39.82648849487305,14.500792503356934,2.4228091206168756e-05,0.02622327394783497,1.0,1214.14306640625,488.3395690917969,4.636277198791504,2.034822702407837,1.0665889978408813
1830,0.28642192482948303,0.058278415352106094,39.82799530029297,14.522453308105469,2.4968798243207857e-05,0.025956034660339355,1.0,1214.132080078125,488.9917297363281,4.63607931137085,2.0371642112731934,1.0676592588424683
1840,0.2863367795944214,0.05818567052483559,39.82948684692383,14.544110298156738,2.5623132387408987e-05,0.025689760223031044,1.0,1214.1212158203125,489.6437072753906,4.635879039764404,2.039494276046753,1.0687259435653687
1850,0.2862522006034851,0.05809353291988373,39.8309326171875,14.565755844116211,2.582179513410665e-05,0.025423794984817505,1.0,1214.1099853515625,490.29547119140625,4.635676860809326,2.041813611984253,1.0697885751724243
1860,0.28616780042648315,0.0580015704035759,39.83235168457031,14.58740234375,2.568123090895824e-05,0.02515757456421852,1.0,1214.0989990234375,490.94708251953125,4.635471820831299,2.044121265411377,1.0708472728729248
1870,0.2860834002494812,0.05790957808494568,39.833763122558594,14.609042167663574,2.5399232981726527e-05,0.024890894070267677,1.0,1214.0888671875,491.59869384765625,4.635263442993164,2.0464179515838623,1.0719023942947388
1880,0.2859991490840912,0.05781771242618561,39.835201263427734,14.630687713623047,2.5247627490898594e-05,0.024624090641736984,1.0,1214.08056640625,492.2504577636719,4.635053634643555,2.048704147338867,1.072953701019287
1890,0.28591519594192505,0.057726360857486725,39.8366813659668,14.652338027954102,2.5419409212190658e-05,0.02435768023133278,1.0,1214.0743408203125,492.90240478515625,4.634840965270996,2.0509791374206543,1.0740015506744385
1900,0.2858319878578186,0.05763598158955574,39.83817672729492,14.673991203308105,2.5959288905141875e-05,0.024092381820082664,1.0,1214.0697021484375,493.5545349121094,4.6346259117126465,2.053243398666382,1.0750457048416138
1910,0.28574952483177185,0.05754674971103668,39.83967208862305,14.695640563964844,2.662327460711822e-05,0.023828499019145966,1.0,1214.06591796875,494.20672607421875,4.634408473968506,2.0554966926574707,1.0760862827301025
1920,0.2856677770614624,0.05745847523212433,39.841129302978516,14.717284202575684,2.7131445676786825e-05,0.02356589585542679,1.0,1214.062255859375,494.8587951660156,4.634189128875732,2.0577399730682373,1.077122449874878
1930,0.285586416721344,0.05737072229385376,39.84255599975586,14.738921165466309,2.7284331736154854e-05,0.0233040489256382,1.0,1214.058349609375,495.5107727050781,4.633967399597168,2.059972047805786,1.0781548023223877
1940,0.2855052351951599,0.05728312209248543,39.843955993652344,14.760555267333984,2.7155252610100433e-05,0.023042548447847366,1.0,1214.0546875,496.1627197265625,4.633742809295654,2.0621941089630127,1.0791829824447632
1950,0.28542402386665344,0.057195499539375305,39.845359802246094,14.782191276550293,2.6890145818470046e-05,0.022781187668442726,1.0,1214.0521240234375,496.81475830078125,4.633516311645508,2.0644054412841797,1.080207347869873
1960,0.28534290194511414,0.05710802227258682,39.84678649902344,14.8038330078125,2.6789133698912337e-05,0.022520247846841812,1.0,1214.0511474609375,497.467041015625,4.63328742980957,2.066606283187866,1.0812278985977173
1970,0.2852621078491211,0.057021066546440125,39.84823989868164,14.825475692749023,2.698925163713284e-05,0.02226046472787857,1.0,1214.05224609375,498.11962890625,4.633057594299316,2.0687973499298096,1.0822449922561646
1980,0.2851819694042206,0.056935083121061325,39.84971618652344,14.847123146057129,2.754483648459427e-05,0.022002262994647026,1.0,1214.0548095703125,498.7724914550781,4.632824420928955,2.0709786415100098,1.0832581520080566
1990,0.2851025462150574,0.056850191205739975,39.851173400878906,14.868772506713867,2.8170619771117344e-05,0.021746015176177025,1.0,1214.0579833984375,499.42547607421875,4.632589340209961,2.0731489658355713,1.0842676162719727
2000,0.2850237786769867,0.05676618218421936,39.85260772705078,14.890416145324707,2.8631529858103022e-05,0.021491507068276405,1.0,1214.0609130859375,500.0784912109375,4.632352828979492,2.0753092765808105,1.0852729082107544
2010,0.2849453091621399,0.05668254569172859,39.85398483276367,14.912054061889648,2.86874346784316e-05,0.02123815007507801,1.0,1214.063720703125,500.7314758300781,4.632114410400391,2.077460289001465,1.0862741470336914
2020,0.2848667800426483,0.05659886449575424,39.855350494384766,14.933693885803223,2.8423350158846006e-05,0.020985394716262817,1.0,1214.06689453125,501.3846130371094,4.63187313079834,2.0796010494232178,1.0872713327407837
2030,0.2847881317138672,0.056515056639909744,39.856727600097656,14.955339431762695,2.8108490369049832e-05,0.020733240991830826,1.0,1214.0711669921875,502.03802490234375,4.631630897521973,2.0817320346832275,1.0882647037506104
2040,0.2847096025943756,0.05643144249916077,39.858131408691406,14.976995468139648,2.8062368073733523e-05,0.020482096821069717,1.0,1214.0775146484375,502.69189453125,4.6313862800598145,2.083853244781494,1.0892544984817505
2050,0.28463149070739746,0.0563485212624073,39.85955810546875,14.9986572265625,2.8408940124791116e-05,0.020232772454619408,1.0,1214.085693359375,503.3462829589844,4.631139755249023,2.0859646797180176,1.0902405977249146
2060,0.28455403447151184,0.05626670643687248,39.86100769042969,15.020326614379883,2.9076294595142826e-05,0.01998576521873474,1.0,1214.094970703125,504.00103759765625,4.630891799926758,2.0880672931671143,1.0912232398986816
2070,0.28447726368904114,0.05618591606616974,39.8624153137207,15.041997909545898,2.966342435684055e-05,0.019741162657737732,1.0,1214.104248046875,504.656005859375,4.630642890930176,2.0901598930358887,1.0922019481658936
2080,0.28440096974372864,0.05610572174191475,39.86378479003906,15.063667297363281,2.99042476399336e-05,0.019498400390148163,1.0,1214.1131591796875,505.3111267089844,4.630392074584961,2.0922434329986572,1.0931767225265503
2090,0.28432464599609375,0.056025560945272446,39.86511993408203,15.08534049987793,2.9715509299421683e-05,0.01925680786371231,1.0,1214.1219482421875,505.9664611816406,4.630138874053955,2.0943174362182617,1.0941473245620728
2100,0.2842481732368469,0.055945176631212234,39.86643981933594,15.10702133178711,2.9317881853785366e-05,0.01901601254940033,1.0,1214.13134765625,506.6222229003906,4.629884719848633,2.0963821411132812,1.0951143503189087
2110,0.28417161107063293,0.05586472153663635,39.86778259277344,15.128713607788086,2.9082766559440643e-05,0.018776334822177887,1.0,1214.1424560546875,507.278564453125,4.629628658294678,2.098438262939453,1.0960781574249268
2120,0.28409522771835327,0.055784668773412704,39.869171142578125,15.150424003601074,2.9203823942225426e-05,0.018538400530815125,1.0,1214.1556396484375,507.9356384277344,4.6293721199035645,2.100484609603882,1.0970385074615479
2130,0.2840193510055542,0.05570555478334427,39.870582580566406,15.172149658203125,2.9750681278528646e-05,0.01830293983221054,1.0,1214.1702880859375,508.5933837890625,4.629114151000977,2.102522134780884,1.097995638847351
2140,0.2839442789554596,0.05562758073210716,39.87196731567383,15.193880081176758,3.04459645121824e-05,0.018070314079523087,1.0,1214.185302734375,509.2516174316406,4.628854751586914,2.1045515537261963,1.0989489555358887
2150,0.2838696539402008,0.05555029213428497,39.873313903808594,15.215619087219238,3.076578286709264e-05,0.017839942127466202,1.0,1214.199951171875,509.91021728515625,4.628593444824219,2.106571912765503,1.0998988151550293
2160,0.2837951183319092,0.05547322705388069,39.87461471557617,15.237361907958984,3.0720919312443584e-05,0.017611414194107056,1.0,1214.214111328125,510.5692443847656,4.628331661224365,2.108583688735962,1.1008448600769043
2170,0.2837204039096832,0.05539597198367119,39.875892639160156,15.259119987487793,3.036718408111483e-05,0.01738397404551506,1.0,1214.228515625,511.2287902832031,4.628068447113037,2.110586166381836,1.1017875671386719
2180,0.28364551067352295,0.0553184449672699,39.8771858215332,15.280896186828613,2.996009061462246e-05,0.017157655209302902,1.0,1214.244140625,511.8891296386719,4.627803802490234,2.1125807762145996,1.1027268171310425
2190,0.2835705578327179,0.05524100735783577,39.87852096557617,15.302693367004395,2.98528975690715e-05,0.016932938247919083,1.0,1214.2615966796875,512.5503540039062,4.627538681030273,2.1145665645599365,1.103663444519043
2200,0.2834959924221039,0.055164262652397156,39.87987518310547,15.324516296386719,3.02146581816487e-05,0.01671065390110016,1.0,1214.2808837890625,513.2125854492188,4.627272605895996,2.116544246673584,1.1045969724655151
2210,0.2834220826625824,0.0550885871052742,39.8812370300293,15.346357345581055,3.085986463702284e-05,0.01649130880832672,1.0,1214.301025390625,513.8756713867188,4.627005100250244,2.118513345718384,1.105527639389038
2220,0.2833487391471863,0.05501382052898407,39.88256072998047,15.368208885192871,3.13547789119184e-05,0.01627480611205101,1.0,1214.32080078125,514.5393676757812,4.626737594604492,2.1204748153686523,1.106454610824585
2230,0.2832755744457245,0.0549393892288208,39.883827209472656,15.39007568359375,3.140344415442087e-05,0.016060352325439453,1.0,1214.3399658203125,515.2037353515625,4.626469135284424,2.1224277019500732,1.1073788404464722
2240,0.28320232033729553,0.0548647902905941,39.885066986083984,15.411959648132324,3.105648283963092e-05,0.015847235918045044,1.0,1214.3587646484375,515.8688354492188,4.626199245452881,2.124372959136963,1.1082996129989624
2250,0.28312867879867554,0.05478975549340248,39.886314392089844,15.433869361877441,3.0528743081958964e-05,0.015635192394256592,1.0,1214.37841796875,516.5348510742188,4.625929832458496,2.126310110092163,1.109217643737793
2260,0.2830548882484436,0.05471464619040489,39.88758850097656,15.455811500549316,3.0292732844827697e-05,0.015424724668264389,1.0,1214.39990234375,517.2020874023438,4.625658988952637,2.128239154815674,1.110133171081543
2270,0.282981276512146,0.05463998019695282,39.888893127441406,15.477784156799316,3.0460658308584243e-05,0.015216462314128876,1.0,1214.4232177734375,517.8705444335938,4.625387668609619,2.1301610469818115,1.1110460758209229
2280,0.28290823101997375,0.05456625297665596,39.89021301269531,15.499785423278809,3.100453250226565e-05,0.015011075884103775,1.0,1214.4476318359375,518.5402221679688,4.625116348266602,2.1320743560791016,1.1119564771652222
2290,0.2828356921672821,0.05449347198009491,39.89151382446289,15.521809577941895,3.153133729938418e-05,0.014808610081672668,1.0,1214.471923828125,519.2108764648438,4.624844074249268,2.1339809894561768,1.1128644943237305
2300,0.28276360034942627,0.054421234875917435,39.89274597167969,15.543856620788574,3.1737661629449576e-05,0.014608629047870636,1.0,1214.4954833984375,519.8823852539062,4.624571323394775,2.1358799934387207,1.11376953125
2310,0.2826913595199585,0.054348889738321304,39.893951416015625,15.565923690795898,3.143390131299384e-05,0.014410167932510376,1.0,1214.518310546875,520.5548706054688,4.624299049377441,2.137770652770996,1.114672064781189
2320,0.2826186716556549,0.05427602306008339,39.89513397216797,15.58802604675293,3.082191324210726e-05,0.014212694019079208,1.0,1214.54150390625,521.2284545898438,4.624025344848633,2.1396548748016357,1.1155718564987183
2330,0.28254565596580505,0.054202739149332047,39.89634704589844,15.6101655960083,3.033009488717653e-05,0.01401636004447937,1.0,1214.5662841796875,521.9035034179688,4.623752117156982,2.141531467437744,1.1164697408676147
2340,0.2824726700782776,0.05412972345948219,39.897613525390625,15.632347106933594,3.035777626791969e-05,0.013822011649608612,1.0,1214.593017578125,522.580078125,4.623478889465332,2.1434011459350586,1.1173657178878784
2350,0.2824002206325531,0.05405764654278755,39.89889144897461,15.654565811157227,3.089553501922637e-05,0.013630572706460953,1.0,1214.62109375,523.2581787109375,4.623205661773682,2.145263671875,1.1182599067687988
2360,0.282328337430954,0.05398654565215111,39.900150299072266,15.67681884765625,3.143510548397899e-05,0.013442128896713257,1.0,1214.649169921875,523.9375,4.622932434082031,2.1471192836761475,1.1191518306732178
2370,0.2822568118572235,0.05391600355505943,39.9013557434082,15.699098587036133,3.164797089993954e-05,0.013256125152111053,1.0,1214.67626953125,524.6179809570312,4.622658729553223,2.148967742919922,1.1200417280197144
2380,0.28218525648117065,0.053845345973968506,39.902523040771484,15.721412658691406,3.133181235170923e-05,0.013071570545434952,1.0,1214.7025146484375,525.299560546875,4.622385025024414,2.1508097648620605,1.12092924118042
2390,0.2821131646633148,0.053774137049913406,39.903656005859375,15.743760108947754,3.0693099688505754e-05,0.012887943536043167,1.0,1214.7288818359375,525.9826049804688,4.622111797332764,2.152644395828247,1.1218147277832031
2400,0.28204068541526794,0.05370241031050682,39.904823303222656,15.766155242919922,3.0106079066172242e-05,0.0127052441239357,1.0,1214.756591796875,526.6671752929688,4.621838569641113,2.154472827911377,1.1226990222930908
2410,0.2819681465625763,0.05363082140684128,39.90603256225586,15.788599014282227,3.0024864827282727e-05,0.012524247169494629,1.0,1214.7862548828125,527.3536376953125,4.621565818786621,2.156294822692871,1.123582124710083
2420,0.2818959951400757,0.0535600371658802,39.90726852416992,15.811088562011719,3.044428740395233e-05,0.012345951050519943,1.0,1214.8172607421875,528.041748046875,4.621293067932129,2.158109664916992,1.1244635581970215
2430,0.2818244695663452,0.05349021404981613,39.908485412597656,15.833620071411133,3.097221997450106e-05,0.01217048242688179,1.0,1214.848388671875,528.7313842773438,4.621020793914795,2.1599183082580566,1.125343680381775
2440,0.2817533612251282,0.053421031683683395,39.9096565246582,15.856184005737305,3.122727503068745e-05,0.011997412890195847,1.0,1214.87841796875,529.42236328125,4.620749473571777,2.1617209911346436,1.1262222528457642
2450,0.2816820740699768,0.05335167050361633,39.910770416259766,15.878787994384766,3.085344360442832e-05,0.01182565838098526,1.0,1214.9072265625,530.1146240234375,4.62047815322876,2.1635172367095947,1.1270991563796997
2460,0.281610369682312,0.05328166484832764,39.911865234375,15.901432991027832,3.012853630934842e-05,0.011654514819383621,1.0,1214.93603515625,530.8084716796875,4.620206832885742,2.1653072834014893,1.1279747486114502
2470,0.2815380394458771,0.05321100354194641,39.91297912597656,15.9241304397583,2.9427064873743802e-05,0.011483892798423767,1.0,1214.9661865234375,531.504150390625,4.619935989379883,2.1670916080474854,1.1288491487503052
2480,0.28146564960479736,0.05314042046666145,39.91413879394531,15.946881294250488,2.9282506147865206e-05,0.011314831674098969,1.0,1214.998291015625,532.2017822265625,4.619666576385498,2.1688692569732666,1.1297231912612915
2490,0.2813936769962311,0.05307064950466156,39.91533279418945,15.969688415527344,2.970055356854573e-05,0.01114816963672638,1.0,1215.0318603515625,532.9013061523438,4.619396686553955,2.1706414222717285,1.1305968761444092
2500,0.2813223898410797,0.05300189182162285,39.91651153564453,15.992535591125488,3.0245362722780555e-05,0.010984249413013458,1.0,1215.065185546875,533.6025390625,4.619128704071045,2.172407388687134,1.1314693689346313
2510,0.2812514305114746,0.05293366312980652,39.917625427246094,16.015422821044922,3.0399947718251497e-05,0.010822385549545288,1.0,1215.0972900390625,534.30517578125,4.618860721588135,2.1741678714752197,1.132340669631958
2520,0.2811802625656128,0.052865222096443176,39.9186897277832,16.038354873657227,2.9965609428472817e-05,0.010661426931619644,1.0,1215.1280517578125,535.00927734375,4.618593215942383,2.175922393798828,1.1332108974456787
2530,0.2811085283756256,0.052795976400375366,39.91973114013672,16.061330795288086,2.912346099037677e-05,0.010500747710466385,1.0,1215.1588134765625,535.715087890625,4.6183271408081055,2.177671432495117,1.1340806484222412
2540,0.2810361981391907,0.05272601172327995,39.92080307006836,16.08436393737793,2.8359383577480912e-05,0.010340139269828796,1.0,1215.1907958984375,536.4228515625,4.618061065673828,2.179414749145508,1.1349499225616455
2550,0.2809637188911438,0.052656106650829315,39.92192077636719,16.10745620727539,2.8193418984301388e-05,0.010180819779634476,1.0,1215.224853515625,537.1327514648438,4.617796897888184,2.181152582168579,1.1358193159103394
2560,0.2808917760848999,0.052587106823921204,39.923072814941406,16.13060760498047,2.866196882678196e-05,0.010023828595876694,1.0,1215.26025390625,537.8446655273438,4.617531776428223,2.18288516998291,1.1366885900497437
2570,0.2808205187320709,0.05251914635300636,39.92420196533203,16.153806686401367,2.919908001786098e-05,0.009869236499071121,1.0,1215.2952880859375,538.5582885742188,4.617269515991211,2.18461275100708,1.1375575065612793
2580,0.28074952960014343,0.05245167016983032,39.92526626586914,16.17704200744629,2.928554022219032e-05,0.009716257452964783,1.0,1215.32861328125,539.2733764648438,4.617007255554199,2.1863348484039307,1.1384260654449463
2590,0.28067827224731445,0.05238373205065727,39.92626953125,16.2003173828125,2.86655813397374e-05,0.009563721716403961,1.0,1215.360595703125,539.9900512695312,4.616746425628662,2.18805193901062,1.139294147491455
2600,0.2806062698364258,0.05231483280658722,39.92725372314453,16.223649978637695,2.7697569748852402e-05,0.009410694241523743,1.0,1215.3927001953125,540.70849609375,4.616485595703125,2.1897637844085693,1.1401621103286743
2610,0.28053367137908936,0.05224528908729553,39.92827606201172,16.24704360961914,2.697131276363507e-05,0.009257640689611435,1.0,1215.42626953125,541.4290161132812,4.616227149963379,2.191470146179199,1.1410303115844727
2620,0.28046107292175293,0.05217587575316429,39.929359436035156,16.270498275756836,2.6845013053389266e-05,0.009105585515499115,1.0,1215.4617919921875,542.1517333984375,4.615968227386475,2.1931724548339844,1.1418989896774292
2630,0.28038904070854187,0.05210743099451065,39.93046569824219,16.294010162353516,2.7349116862751544e-05,0.008955515921115875,1.0,1215.4984130859375,542.8765258789062,4.615711688995361,2.1948695182800293,1.1427685022354126
2640,0.28031763434410095,0.05204001069068909,39.93154525756836,16.317562103271484,2.784175012493506e-05,0.008807506412267685,1.0,1215.5343017578125,543.6029663085938,4.615455150604248,2.196561574935913,1.1436381340026855
2650,0.28024646639823914,0.05197285860776901,39.93254852294922,16.341161727905273,2.776508335955441e-05,0.008660499006509781,1.0,1215.568359375,544.3309936523438,4.615200519561768,2.1982498168945312,1.1445077657699585
2660,0.2801748812198639,0.05190517008304596,39.93348693847656,16.36480712890625,2.7077268896391615e-05,0.008513316512107849,1.0,1215.6011962890625,545.060546875,4.6149468421936035,2.19993257522583,1.1453773975372314
2670,0.2801024913787842,0.05183638259768486,39.934425354003906,16.388504028320312,2.598361243144609e-05,0.008365191519260406,1.0,1215.634033203125,545.7919311523438,4.614693641662598,2.2016115188598633,1.1462476253509521
2680,0.2800295650959015,0.05176696926355362,39.9354133605957,16.412267684936523,2.5279001420130953e-05,0.00821664184331894,1.0,1215.668701171875,546.5255126953125,4.614442348480225,2.2032854557037354,1.147119164466858
2690,0.2799566686153412,0.05169786140322685,39.93645477294922,16.436086654663086,2.5278390239691362e-05,0.008068885654211044,1.0,1215.705322265625,547.2613525390625,4.614192008972168,2.2049551010131836,1.1479917764663696
2700,0.279884397983551,0.051629792898893356,39.93751525878906,16.45996856689453,2.580682121333666e-05,0.00792289525270462,1.0,1215.7425537109375,547.9992065429688,4.613942623138428,2.206620454788208,1.148864984512329
2710,0.2798127830028534,0.051562707871198654,39.938533782958984,16.4838924407959,2.6264198822900653e-05,0.00777844712138176,1.0,1215.77880859375,548.7387084960938,4.613694190979004,2.2082817554473877,1.149739384651184
2720,0.2797412872314453,0.051495764404535294,39.9394645690918,16.507858276367188,2.6077759684994817e-05,0.007634453475475311,1.0,1215.81298828125,549.4796752929688,4.613447666168213,2.2099392414093018,1.1506141424179077
2730,0.2796691954135895,0.051427990198135376,39.940345764160156,16.53186798095703,2.5156499759759754e-05,0.007489517331123352,1.0,1215.845703125,550.2222290039062,4.613201141357422,2.211591958999634,1.1514893770217896
2740,0.2795962691307068,0.05135904997587204,39.94123840332031,16.555932998657227,2.403239341219887e-05,0.0073431506752967834,1.0,1215.8790283203125,550.9667358398438,4.612957000732422,2.2132408618927,1.1523659229278564
2750,0.27952271699905396,0.05128949135541916,39.94218444824219,16.580066680908203,2.3331405827775598e-05,0.007196016609668732,1.0,1215.914306640625,551.7135009765625,4.612713813781738,2.214885711669922,1.153244137763977
2760,0.279449462890625,0.05122053623199463,39.94318771362305,16.60426139831543,2.3547967430204153e-05,0.007049728184938431,1.0,1215.95166015625,552.4624633789062,4.6124701499938965,2.216527223587036,1.1541242599487305
2770,0.2793770134449005,0.051152873784303665,39.944210052490234,16.628515243530273,2.4255798052763566e-05,0.006905164569616318,1.0,1215.9892578125,553.2134399414062,4.612229347229004,2.2181644439697266,1.1550058126449585
2780,0.2793051600456238,0.05108609050512314,39.945152282714844,16.652799606323242,2.4621713237138465e-05,0.0067617446184158325,1.0,1216.0250244140625,553.9658813476562,4.6119890213012695,2.2197983264923096,1.155888319015503
2790,0.2792332172393799,0.05101912096142769,39.946014404296875,16.67713165283203,2.4174678401323035e-05,0.006617933511734009,1.0,1216.058349609375,554.7197265625,4.611749649047852,2.221428632736206,1.1567716598510742
2800,0.27916035056114197,0.050950873643159866,39.94682312011719,16.701509475708008,2.294536170666106e-05,0.006472300738096237,1.0,1216.0906982421875,555.4752807617188,4.611511707305908,2.223055362701416,1.1576565504074097
2810,0.27908656001091003,0.05088142678141594,39.94767761230469,16.725948333740234,2.1792664483655244e-05,0.0063248611986637115,1.0,1216.124267578125,556.2328491210938,4.6112751960754395,2.2246785163879395,1.1585429906845093
2820,0.2790124714374542,0.05081174895167351,39.9485969543457,16.750450134277344,2.1416541130747646e-05,0.006176885217428207,1.0,1216.1602783203125,556.9927978515625,4.611039161682129,2.226297616958618,1.159432053565979
2830,0.2789388597011566,0.050743065774440765,39.9495735168457,16.77501678466797,2.19090397877153e-05,0.006029967218637466,1.0,1216.1978759765625,557.7548828125,4.610804557800293,2.227914571762085,1.1603232622146606
2840,0.2788662016391754,0.05067573860287666,39.950523376464844,16.799633026123047,2.2650845494354144e-05,0.00588458776473999,1.0,1216.23486328125,558.5187377929688,4.610570907592773,2.229527473449707,1.1612160205841064
2850,0.27879393100738525,0.05060898885130882,39.951385498046875,16.824281692504883,2.2786654881201684e-05,0.005739741027355194,1.0,1216.2694091796875,559.2839965820312,4.610339164733887,2.231137752532959,1.1621102094650269
2860,0.27872127294540405,0.05054160952568054,39.952171325683594,16.84897232055664,2.20230249396991e-05,0.005593635141849518,1.0,1216.3016357421875,560.0506591796875,4.610107898712158,2.2327446937561035,1.1630059480667114
2870,0.2786474823951721,0.0504726879298687,39.95292663574219,16.873716354370117,2.060576298390515e-05,0.00544511154294014,1.0,1216.3333740234375,560.8190307617188,4.609877586364746,2.2343485355377197,1.1639035940170288
2880,0.27857276797294617,0.05040266737341881,39.95375061035156,16.89852523803711,1.9560691725928336e-05,0.005294717848300934,1.0,1216.3671875,561.5896606445312,4.609647750854492,2.235949754714966,1.1648037433624268
2890,0.2784980833530426,0.0503329299390316,39.95465850830078,16.92340087890625,1.956407504621893e-05,0.005144279450178146,1.0,1216.403564453125,562.3626098632812,4.609419345855713,2.2375471591949463,1.1657066345214844
2900,0.2784242630004883,0.05026458203792572,39.955589294433594,16.948331832885742,2.0360017515486106e-05,0.004995334893465042,1.0,1216.44091796875,563.1376342773438,4.60919189453125,2.239142656326294,1.166612148284912
2910,0.2783513367176056,0.05019755661487579,39.95646667480469,16.973304748535156,2.1066767658339813e-05,0.004847705364227295,1.0,1216.4765625,563.9142456054688,4.6089653968811035,2.2407350540161133,1.1675195693969727
2920,0.27827855944633484,0.050130680203437805,39.957237243652344,16.99831199645996,2.0873547327937558e-05,0.00469970703125,1.0,1216.509033203125,564.6920166015625,4.608740329742432,2.2423255443573,1.1684285402297974
2930,0.27820485830307007,0.050062455236911774,39.95793914794922,17.023359298706055,1.9594594050431624e-05,0.004549562931060791,1.0,1216.5396728515625,565.4712524414062,4.608516216278076,2.2439124584198,1.1693395376205444
2940,0.278129905462265,0.0499926395714283,39.95866775512695,17.048465728759766,1.8176775483880192e-05,0.004396677017211914,1.0,1216.571044921875,566.25244140625,4.608292102813721,2.245497226715088,1.1702532768249512
2950,0.27805426716804504,0.04992210865020752,39.95946502685547,17.073638916015625,1.7441983800381422e-05,0.0042423829436302185,1.0,1216.60498046875,567.0359497070312,4.608069896697998,2.2470791339874268,1.1711701154708862
2960,0.2779790759086609,0.04985242336988449,39.96035385131836,17.098876953125,1.7864011169876903e-05,0.004088707268238068,1.0,1216.6414794921875,567.82177734375,4.607847690582275,2.248659372329712,1.1720900535583496
2970,0.27790501713752747,0.04978446289896965,39.961238861083984,17.124164581298828,1.8901453586295247e-05,0.003936901688575745,1.0,1216.6778564453125,568.609375,4.6076273918151855,2.250236749649048,1.1730128526687622
2980,0.2778317332267761,0.04971759393811226,39.9620246887207,17.149490356445312,1.9429546227911487e-05,0.0037860795855522156,1.0,1216.7113037109375,569.3983154296875,4.607407093048096,2.25181245803833,1.1739376783370972
2990,0.2777581214904785,0.0496501587331295,39.96269226074219,17.17483901977539,1.8715058104135096e-05,0.0036339126527309418,1.0,1216.741455078125,570.1883544921875,4.607188701629639,2.2533857822418213,1.1748645305633545
3000,0.27768316864967346,0.0495808981359005,39.96332550048828,17.200237274169922,1.7103513528127223e-05,0.003478728234767914,1.0,1216.7703857421875,570.97998046875,4.606969833374023,2.2549571990966797,1.1757941246032715
